A_1,A_2,A_3,A_4,A_5,A_6,A_7
3.1804,1.9668,0.05017,0.43092,3.5856,1.9018,A
4.8256,1.9948,2.6384,0.82406,4.2959,0.21998,A
2.9395,2.4477,2.3411,0.098159,2.8025,0.22108,A
0.85329,2.8258,3.2064,0.096728,2.3028,3.8784,A
0.056566,2.3442,3.4705,0.44957,3.6855,2.6157,A
3.1457,1.4862,0.66533,2.9487,5.53,3.0321,A
0.89483,2.0207,3.098,0.86261,3.8697,2.0511,A
3.9515,1.2239,4.2323,1.2607,1.7419,0.0081441,A
1.666,3.3749,0.058847,2.2468,3.6146,3.0703,A
2.116,4.2915,0.27801,2.3364,4.7039,3.4601,A
1.6769,4.2874,0.043604,3.8525,5.421,4.5665,A
0.17046,3.5547,2.7659,0.91031,1.5495,2.5795,A
1.7782,4.064,2.7727,3.0085,5.6225,1.8102,A
3.9631,2.8291,3.2779,0.65854,3.2448,2.7122,A
0.1408,0.2997,2.2768,0.39232,1.3876,0.049097,A
0.2721,2.0339,0.78224,1.6596,2.7997,3.7558,A
0.91096,1.609,4.576,1.9793,2.1775,3.3546,A
0.89307,2.0322,2.49,0.38349,3.843,2.9728,A
2.6044,2.0627,3.7308,1.2979,0.90648,0.81228,A
2.6426,0.071933,3.5853,1.1705,1.6369,1.3775,A
0.24829,0.30541,2.8363,1.2894,5.5853,0.82156,A
0.91483,0.62805,4.5468,2.7586,5.9181,0.25481,A
0.073287,2.3098,3.8949,2.7729,5.8304,3.0881,A
1.081,2.2585,3.8439,0.5641,6.3682,0.01997,A
2.9234,1.877,4.9404,1.8398,5.9858,2.3285,A
0.42918,1.6963,4.6219,0.90469,5.0282,3.467,A
3.0797,0.52655,4.6568,2.4194,4.1714,2.9565,A
2.0251,2.0028,4.3674,2.5062,6.277,3.8646,A
1.1816,1.1102,1.8547,2.4292,7.1334,3.8383,A
3.0763,1.8416,2.2762,2.9312,7.7831,3.5312,A
2.2473,0.054709,4.3939,4.1352,8.1031,3.5895,A
3.1481,1.2052,2.4612,1.1082,7.221,4.3338,A
2.2811,0.037601,5.2555,4.3853,6.8403,4.7244,A
3.0722,0.44809,4.059,3.3934,5.386,3.6927,A
3.5449,1.09,4.3746,2.508,5.1116,1.7707,A
0.71347,0.0045552,2.8045,2.3607,6.5467,0.046285,A
2.9133,1.154,5.2214,2.8891,8.4743,3.7126,A
1.3602,1.7866,3.4229,3.6274,7.6259,2.3329,A
2.6509,0.032304,3.9204,3.6169,7.9148,2.6687,A
2.6673,2.1545,2.7372,1.6006,8.0741,3.4222,A
4.7579,0.86289,0.00072882,0.24784,8.1501,0.52253,A
0.4269,0.77187,2.1615,3.4166,5.724,1.1288,A
3.9257,0.24343,2.0472,0.69964,7.8073,1.1853,A
1.2585,0.55993,2.559,1.5092,6.6979,4.4928,A
0.46238,2.0381,0.094375,0.16565,5.2854,4.9756,A
3.5379,0.9611,0.046352,1.0278,4.6958,1.3178,A
4.3072,0.048419,3.3444,4.2224,7.39,2.5113,A
4.931,0.48368,3.7274,1.0073,8.0232,2.4856,A
5.5317,0.26099,1.6866,2.7156,8.6961,4.1554,A
5.8021,2.088,3.5095,1.644,9.3046,5.5852,A
5.8988,2.3792,1.2217,2.0454,9.7464,0.79667,A
1.708,2.0376,4.4348,3.1486,8.1098,5.2198,A
5.3863,1.8687,0.56704,2.796,9.3881,2.5559,A
2.8572,1.903,1.3328,2.2506,8.3189,3.2331,A
2.3701,0.21192,2.0225,1.4872,5.5403,2.9406,A
4.5068,2.3172,2.9058,0.13213,8.0269,2.5821,A
2.9982,2.2637,3.582,1.3271,5.7934,5.2683,A
5.5864,0.25717,2.7072,2.5662,8.402,5.6091,A
3.6661,0.85438,1.9376,1.18,7.0841,1.9003,A
3.952,1.8271,3.8309,2.4163,6.3298,3.6455,A
3.825,0.23881,1.2887,0.87169,1.1554,3.0614,A
0.63551,1.497,0.76588,1.0035,4.4839,0.035094,A
1.0749,1.2602,3.2091,0.74345,5.1252,4.0076,A
3.1139,0.031894,2.7573,0.30192,6.432,0.023022,A
1.4299,0.92925,0.85866,3.1099,6.0629,0.026475,A
2.9875,0.16215,1.0619,1.4534,4.2655,4.2246,A
4.0733,0.9921,0.060143,1.3026,5.4656,2.3528,A
4.9009,0.77393,3.0897,0.22486,0.68642,4.0986,A
4.8787,1.5094,2.3879,1.6219,0.95416,4.3213,A
4.4087,1.231,1.3667,2.3136,4.834,3.8185,A
4.3038,0.12549,0.034711,3.2176,4.6176,2.2776,A
3.7015,3.4925,2.0199,1.1261,4.7472,2.3907,A
0.00018613,2.1246,0.00054063,2.8346,4.7855,3.8443,A
0.030533,3.2167,1.386,3.6154,4.9808,5.4972,A
0.087494,2.7802,2.8495,0.87467,3.4125,5.4783,A
3.1831,0.55344,2.278,0.44063,3.4623,2.437,A
3.2458,0.64413,3.6956,1.0216,9.1022,4.8016,A
2.5405,1.8613,2.6774,2.3781,6.7338,5.7136,A
3.2584,3.5318,3.2523,2.17E-05,8.4186,5.9371,A
3.0457,2.0851,3.7859,1.1748,8.7584,6.2278,A
1.1124,0.87113,5.059,1.0071,9.1276,3.8693,A
0.95647,2.3092,1.812,1.6978,2.4532,2.557,A
1.0787,0.016061,4.2511,3.2784,7.9518,0.28772,A
0.56287,0.0011677,0.042559,3.0508,2.8963,3.5262,A
0.11784,0.11992,2.1962,2.2669,7.4525,1.9119,A
0.20508,1.0006,3.204,1.073,9.1154,3.1085,A
2.2729,0.074729,4.1576,3.5224,8.6629,5.4674,A
2.7844,1.5107,4.0935,2.697,9.9425,4.882,A
1.4402,0.88615,3.546,4.1073,9.8641,4.5078,A
1.0051,0.25439,5.0128,4.3733,9.6042,3.5056,A
2.4176,0.20599,5.6613,3.4896,8.9772,3.9635,A
0.95371,0.02697,4.9611,1.581,8.3202,1.2145,A
1.3198,0.82092,5.146,3.1683,4.7246,4.2079,A
1.8814,0.045943,3.2182,2.6082,5.2106,2.3715,A
0.065828,1.9355,0.10138,1.2673,7.3665,3.4324,A
3.5339,0.87445,3.9377,0.41988,8.5192,1.3793,A
6.0183,1.0455,7.0475,4.4824,9.7402,0.21034,A
2.0648,0.24041,4.7929,3.5401,8.8415,3.7273,A
3.8311,1.5288,5.6786,2.3096,9.0799,5.342,A
3.6913,2.6702,6.0797,3.3315,9.1571,3.0759,A
4.4357,1.7268,6.1148,3.6018,8.5232,0.4214,A
5.7827,0.99996,2.8044,0.78926,7.2682,3.6572,A
1.7599,3.6991,4.9479,2.3015,1.5888,1.7554,A
5.6958,3.5608,3.6234,4.3008,8.2583,0.32898,A
6.3534,1.0804,5.5298,0.66296,9.6295,0.63991,A
7.0283,2.705,6.9919,1.5392,10.068,4.7659,A
2.1655,2.908,3.2131,0.92549,6.9561,0.19486,A
6.4402,3.6646,7.2123,4.0854,9.587,4.2726,A
3.0974,4.2938,6.3307,5.1324,7.8486,4.4772,A
5.0357,4.715,5.8369,4.6352,5.6108,3.409,A
6.6268,4.6611,1.4507,4.4912,8.2968,5.9302,A
3.7464,0.044437,6.1088,5.629,2.7725,6.7052,A
7.4718,2.9357,5.5347,3.1843,8.9498,4.3099,A
6.5874,2.1449,3.8396,0.12323,8.6384,3.853,A
5.5638,2.7009,4.8206,0.12085,7.7324,3.3606,A
2.4329,2.5854,4.9495,2.6891,6.6049,4.6745,A
5.8277,1.9013,1.7209,4.4624,4.0184,5.7459,A
4.6425,1.1648,4.1072,3.6607,5.2294,3.2579,A
5.2851,0.063862,5.001,3.1635,3.3593,2.0889,A
5.3957,0.51524,4.8761,3.3304,5.4798,3.0909,A
2.0869,2.1438,5.4955,0.86092,6.398,1.8677,A
4.7674,0.83476,5.2419,2.2395,5.609,3.7275,A
0.23551,0.023388,4.8247,0.99784,3.4663,2.308,A
1.1394,0.56129,1.6856,2.0827,5.7683,4.0506,A
2.2188,0.043923,3.8356,0.45912,7.3565,5.2238,A
0.054569,3.4975,6.7278,3.2504,8.0291,5.3978,A
1.4535,1.5334,0.39985,2.3247,1.6536,4.0978,A
1.3937,0.00043002,7.0282,4.77,7.6917,3.602,A
4.2993,0.27044,6.0278,4.9292,6.1553,2.8433,A
4.2143,3.9335,4.3313,4.1798,3.995,2.5628,A
4.1168,5.5393,4.4463,0.15054,7.2779,4.6249,A
0.00073408,3.026,4.7787,3.0064,3.8741,4.1731,A
2.5659,5.2127,6.6627,5.0958,7.5259,0.012159,A
1.2338,4.9083,5.885,3.6082,7.0166,1.9003,A
2.9282,2.8893,5.3446,4.7138,5.2133,4.3959,A
2.2119,3.4068,3.5733,3.0157,2.2982,1.8302,A
4.3089,0.7542,0.45658,4.8933,5.5862,2.7173,A
1.6859,3.6871,5.1479,0.089161,0.83378,3.6571,A
2.2662,2.575,4.9912,2.977,3.1163,3.7802,A
4.1876,0.15792,5.4623,3.8417,0.26722,4.5349,A
2.908,3.9156,5.2985,4.3587,3.4809,4.5777,A
2.4252,1.934,4.3536,1.4791,3.1257,3.7583,A
2.5411,3.7435,4.9417,4.3263,0.65099,2.9607,A
1.0491,2.9949,2.9767,4.0834,0.69103,3.8327,A
2.456,2.6388,1.4973,2.3914,0.61594,0.094097,A
2.3148,0.86878,5.0258,3.195,5.0246,3.8988,A
3.9824,3.992,3.9599,1.947,3.7343,4.6126,A
3.4763,3.3905,6.2801,4.5313,4.7343,4.2658,A
1.7461,4.7408,6.1849,5.2973,3.0848,2.9042,A
3.59,5.41,6.1301,5.1842,1.2661,5.2357,A
3.6757,5.3355,5.6459,5.1543,3.7781,3.7067,A
3.2043,3.1671,5.4463,4.8862,3.2156,3.7331,A
2.8325,4.7278,4.6591,4.6028,3.7778,0.083801,A
3.0321,4.1768,2.1529,3.2195,2.752,1.6571,A
0.044634,0.46001,2.8434,0.4951,2.8478,3.1381,A
0.00094456,1.2652,4.8625,4.0853,3.0444,0.0079659,A
5.2196,3.8232,7.2467,3.2403,5.5231,0.00057965,A
2.5783,2.4617,5.9331,3.8885,4.9191,3.7631,A
3.8262,3.7941,6.7796,4.4676,5.2627,4.1343,A
4.9428,2.2047,6.8419,0.0096867,5.6194,0.89341,A
5.3983,0.98386,6.2903,2.6773,5.2245,4.8566,A
0.1079,1.6797,5.6873,1.1802,0.36681,3.6837,A
5.2738,0.22704,1.1323,2.5721,1.6191,2.5858,A
4.7494,0.14346,6.1429,1.716,2.5832,1.1467,A
0.0028306,0.64945,6.7879,3.2722,4.8014,1.5951,A
3.3723,3.0498,7.0536,3.766,5.438,4.489,A
4.7212,1.6868,6.3375,2.8482,5.3524,4.6641,A
6.0006,2.5691,6.2586,3.8396,5.6114,4.7304,A
6.4464,1.9496,5.7941,2.6908,6.0243,5.1172,A
6.3841,0.099807,5.2044,1.1977,5.5196,5.0679,A
6.5497,2.8538,3.4647,0.0079204,4.798,4.3848,A
4.6004,1.9458,3.266,2.1551,4.4138,2.0874,A
5.4632,3.8214,3.9172,3.7414,2.7989,1.5939,A
4.4235,3.21,5.2784,2.3349,2.6328,2.3489,A
1.4912,1.4587,5.6469,2.9074,2.7978,2.9448,A
4.9617,0.26739,5.5589,1.415,4.0026,1.6612,A
5.8833,2.1412,4.4194,1.8467,5.8793,2.0087,A
5.4333,2.3708,0.70568,2.5687,4.3709,0.96868,A
5.7247,2.1942,5.2717,1.7497,4.7834,4.3045,A
4.6162,0.016233,6.2637,2.8719,6.2101,2.685,A
3.5408,0.75828,6.736,0.0044926,6.1587,2.0073,A
4.7796,1.0001,3.6007,0.4991,0.0020019,0.86407,A
0.18523,0.60937,6.1999,2.2888,5.7602,2.0029,A
4.2787,1.0029,4.4097,1.8475,5.5106,3.3854,A
4.4206,1.562,0.37168,0.070631,4.3069,0.048538,A
4.7338,2.7405,5.0453,0.31955,5.0191,0.64231,A
1.9481,1.9207,5.7394,0.93814,5.0976,4.4507,A
4.8221,2.7212,6.8664,1.4534,6.0812,4.8303,A
3.3405,1.292,7.2583,0.30573,6.5721,4.0209,A
0.57504,0.20641,7.5707,1.8941,6.2177,4.3295,A
0.79363,1.6472,7.8304,1.3017,6.591,3.045,A
0.72801,0.54165,6.7852,2.0037,5.0832,2.947,A
4.4594,1.9466,7.1343,0.84915,6.1498,2.7288,A
4.8393,2.3943,6.0318,0.63777,5.8943,3.7559,A
4.205,2.4168,3.1012,0.82887,2.8433,3.9827,A
3.5146,1.0948,6.021,1.0176,4.526,0.47748,A
4.3596,1.3702,5.8121,2.7224,5.7854,2.525,A
2.2167,1.5379,5.7959,0.0042879,3.4614,3.477,A
0.022552,1.9675,5.1733,1.51,1.5688,0.0020722,A
2.2574,1.9457,3.1757,0.51354,4.8816,3.6751,A
3.1619,1.9179,4.925,0.081821,6.8648,2.959,A
2.3811,2.4108,4.8092,1.3647,3.0779,2.3422,A
1.8949,1.3293,4.5038,0.0023371,5.6689,1.4291,A
2.2449,0.05299,1.0996,2.3095,4.5742,1.7506,A
1.6509,1.3526,3.9883,2.0196,4.0428,4.5426,A
4.4203,0.9224,6.0648,3.9059,6.6834,3.5933,A
0.96093,1.1616,4.8071,1.8759,5.0142,2.6559,A
4.6273,1.8235,6.9685,2.8415,7.1772,0.37281,A
4.584,1.016,5.6937,0.47494,7.4451,1.9238,A
3.7758,0.0042721,3.8412,2.0856,7.0648,5.5766,A
2.3555,0.3297,5.13,4.4892,6.8026,5.6677,A
1.8277,0.021406,5.4683,1.2982,6.5703,1.1935,A
3.7861,1.4278,6.4478,3.6295,5.4434,5.6413,A
4.2752,0.17163,4.3643,4.0955,0.000413,5.1153,A
3.3115,0.82094,0.0056707,2.1469,3.8072,1.9987,A
0.12892,0.016885,0.16577,2.0036,5.5252,2.4707,A
4.4499,5.0986,4.0969,1.9374,5.5523,3.3234,A
3.9717,1.7183,0.02571,1.641,5.8737,5.3958,A
5.3084,4.0015,2.7318,1.5006,3.9568,1.4141,A
4.9504,4.8636,4.3917,0.62568,5.3209,0.3428,A
4.9164,4.7976,0.14279,1.3603,5.1898,1.5319,A
3.0813,1.806,6.457,0.34404,5.4463,1.3408,A
1.4009,4.1452,4.5649,2.6077,6.198,2.5875,A
5.0525,2.045,6.6853,0.46404,6.4424,1.958,A
5.7504,3.3877,6.8948,0.32716,5.4333,2.2598,A
6.4185,4.9627,6.8744,0.40061,4.2621,2.8825,A
5.5064,3.7727,3.5932,0.78952,6.1937,3.0943,A
5.828,5.8013,4.0102,2.9492,6.8906,3.2649,A
4.5439,5.7776,6.1055,3.2798,7.6286,3.8997,A
0.85968,4.822,7.5409,4.3871,7.9421,4.6443,A
4.9571,4.7665,7.9981,3.2046,7.8891,3.5006,A
4.5239,3.9663,4.4222,3.5846,6.2272,1.8408,A
5.6628,0.27416,7.3239,0.28088,6.2687,4.7668,A
5.1812,2.7997,5.9808,0.17507,3.1862,3.1303,A
4.6416,2.8776,3.4204,4.123,5.4993,3.561,A
3.0058,4.4663,5.9185,2.2729,6.1986,3.6408,A
0.070865,0.057273,3.7165,1.7054,5.7201,0.092684,A
2.9393,2.7682,5.0611,1.3215,6.3553,4.3423,A
0.90789,0.17176,4.4677,0.050087,3.5145,4.5395,A
1.9313,0.83775,0.89804,4.03,4.8803,0.20061,A
0.43611,1.4983,0.58526,3.2424,3.1496,1.9247,A
3.5714,1.58,3.6737,0.96995,3.8062,2.3195,A
1.6962,0.57627,0.56364,3.3979,2.6645,3.0122,A
0.25513,0.4024,0.69803,2.5726,4.7671,3.3902,A
2.3935,1.5837,2.6892,2.221,4.2577,4.744,A
0.85733,1.1314,2.7239,3.8899,3.3494,1.5566,A
2.02,0.028141,2.8814,0.36242,4.6473,1.763,A
0.16785,2.8676,1.9958,4.4585,4.9376,3.4758,A
0.20315,3.2906,3.7372,4.4701,5.3769,3.6376,A
2.1707,0.23576,3.2175,3.7975,3.1406,4.4133,A
2.3392,0.57045,1.586,0.57778,0.43372,2.8902,A
2.0906,0.18875,3.7554,1.3206,4.002,1.6513,A
0.79577,0.84751,1.3866,1.9572,1.9039,3.0724,A
1.3361,3.0857,3.5343,0.71404,3.2405,2.2795,A
0.13965,1.1703,4.6763,2.486,0.88138,2.7889,A
1.8936,0.13342,4.0607,2.3851,1.5485,2.5092,A
2.0911,0.10935,3.4537,0.59513,5.5635,0.079797,A
0.55172,2.3299,3.78,3.1246,3.2348,0.56787,A
2.8968,2.2829,2.4796,4.2177,5.0171,1.5465,A
0.11931,2.0262,3.1668,3.5269,2.6658,3.7568,A
2.906,3.5533,4.7036,4.1819,2.2042,2.0133,A
4.2895,0.8116,5.4318,2.3039,4.7925,3.5768,A
4.6745,2.1178,5.0949,3.4634,6.2051,2.2913,A
4.5562,0.67375,5.5891,1.3768,5.7088,2.8866,A
4.8492,1.7552,4.0806,1.9648,6.1407,1.8905,A
4.4811,4.0914,1.0665,3.9769,5.7033,3.3823,A
2.7311,2.5342,4.7564,3.9024,5.8585,3.3005,A
2.2488,4.5719,4.503,4.6505,3.8998,4.0577,A
3.1885,4.4223,6.3403,4.7233,3.5665,0.25516,A
5.1681,4.0159,6.1227,4.1163,6.199,3.4209,A
5.8366,2.3291,6.4025,4.0634,7.0791,5.234,A
6.0256,0.00064096,5.0757,1.1319,7.2246,0.59768,A
5.8566,1.5742,6.2029,0.011576,6.6974,5.3782,A
5.5382,3.7694,5.2969,2.1966,6.489,5.0578,A
4.4932,3.8344,3.3891,2.943,5.4556,2.5828,A
1.3854,3.2332,3.3823,3.8821,3.3604,1.5848,A
1.8888,1.7349,3.0864,1.002,5.9557,5.183,A
1.1912,0.94215,3.8264,0.5809,4.1292,1.5568,A
1.9931,1.6678,0.6791,0.079301,5.5601,2.6552,A
4.8284,2.1744,5.1594,2.8019,6.3351,4.8161,A
5.9777,2.4949,6.418,3.9088,7.3469,5.7265,A
2.1171,3.1969,2.7821,3.1544,5.4207,3.7291,A
5.1156,0.22498,5.919,3.1593,5.6423,3.7144,A
2.4714,1.3349,0.037416,0.34188,3.5766,4.267,A
4.6996,3.2493,5.1581,2.7021,6.4281,6.0287,A
6.2377,4.6213,6.7959,4.4761,7.5458,6.8157,A
3.8497,1.4601,4.1303,0.35774,6.1683,4.2849,A
6.8808,3.6608,7.3066,4.7865,8.0606,6.2217,A
6.4529,1.3645,6.812,4.5597,7.5674,5.5292,A
5.7913,1.5253,6.0884,3.2456,7.1448,2.4746,A
4.902,4.2865,4.3821,0.8778,6.5705,0.37732,A
4.8746,2.8176,3.7172,3.9509,4.6112,4.1047,A
1.2391,3.9937,2.1435,2.8648,0.23024,3.6241,A
3.3462,3.7995,4.2165,2.3811,3.3176,5.7053,A
3.3922,2.6223,4.6391,2.0745,5.1406,4.8936,A
4.8795,0.33882,4.5415,1.6165,6.4619,4.5763,A
2.0371,4.0999,3.7149,5.0602,3.5392,3.6104,A
3.9763,0.14603,3.4032,1.1261,5.2987,1.6537,A
0.61874,0.25526,2.4054,3.5661,2.9235,0.00064082,A
0.31446,2.0654,2.827,3.6908,1.671,4.3653,A
3.3602,3.2082,4.0452,4.0424,3.7422,4.1214,A
4.0982,0.7874,4.1114,1.0486,3.9142,2.7127,A
1.5142,3.7416,2.5445,2.2258,0.099253,5.0368,A
3.2389,1.5174,2.8922,0.0033002,4.8193,6.267,A
4.4616,0.13962,4.4187,2.2616,5.6173,3.0957,A
3.836,1.7626,0.36723,2.6917,6.026,4.573,A
1.1295,3.841,3.4121,2.5346,4.2862,0.55166,A
1.0306,4.3191,2.3037,3.319,5.1083,4.2706,A
0.32003,3.7318,0.41708,3.9702,2.6537,6.5092,A
2.6701,4.286,0.075514,4.1899,1.2186,5.261,A
1.4674,4.7236,4.7895,4.7415,3.9964,4.4566,A
0.68294,2.8199,3.7982,3.3963,5.858,0.46997,A
1.263,3.9311,1.4866,4.3092,4.4126,4.5975,A
0.48261,3.561,1.376,2.0376,4.4534,1.9485,A
0.02936,0.62128,2.0787,2.0019,4.5152,0.28445,A
2.5413,3.6272,1.364,3.282,4.2052,4.9096,A
4.0997,4.1547,4.3145,2.6159,7.2904,5.0546,A
0.69092,4.1546,3.6775,3.9189,4.4444,0.7892,A
3.5336,4.2304,5.2509,2.8679,6.0952,1.2311,A
4.6925,2.7867,6.5022,4.1171,6.8517,2.9128,A
5.7141,2.0511,6.8385,4.1795,7.0423,5.446,A
4.492,2.5572,2.4951,0.49308,6.5339,3.5245,A
5.4477,0.87942,6.3332,3.2367,5.4757,5.3993,A
1.9377,0.1234,3.1492,1.2656,0.13198,3.0962,A
3.4867,0.41934,6.0055,0.1482,6.6671,3.6847,A
5.9783,1.7609,7.3793,3.4394,7.6929,6.1858,A
0.72326,1.172,4.1956,0.55562,2.6628,1.7788,A
6.5746,2.3964,7.7731,3.9144,7.3859,7.0641,A
5.7692,3.3888,7.1663,3.5329,7.3799,6.0796,A
5.02,1.9895,5.8182,3.8372,5.9428,5.0362,A
3.0821,0.22238,3.4756,3.5709,2.1923,4.5126,A
3.9938,0.13941,4.9092,4.7005,5.5491,3.5685,A
0.70813,2.9047,4.4237,3.1,2.9651,2.1066,A
0.3804,2.9825,3.6645,0.079818,0.0070426,3.2466,A
1.8117,0.39969,3.3592,0.52491,0.98469,0.0060538,A
1.7558,2.0805,4.8906,0.0064029,3.6463,5.2899,A
5.7269,4.8354,5.9981,2.7393,3.3204,3.2398,A
3.4746,4.3554,1.5553,0.70837,1.8179,3.5835,A
5.5603,4.9782,0.64471,4.756,3.7673,1.7665,A
6.7362,4.8489,4.2349,4.8496,6.5563,2.6821,A
6.8799,5.187,6.6579,5.423,7.4782,5.5794,A
0.55709,3.2361,6.1689,1.9696,5.4883,4.8249,A
5.1248,2.5301,6.9542,5.0664,7.3078,5.7824,A
4.0231,3.642,6.7037,0.56511,6.1498,3.2685,A
6.3642,5.0543,5.475,1.374,1.2893,0.21433,A
6.7864,5.8534,3.3798,4.765,6.4843,2.234,A
6.9898,4.2273,4.7561,3.9056,6.8077,5.3608,A
7.2361,5.8425,7.3353,5.9307,8.1085,6.0395,A
7.0728,5.0256,7.8993,5.9722,8.2377,5.9145,A
7.0644,4.3699,8.0867,6.0995,8.5131,5.7754,A
6.4564,1.6955,8.0247,5.7598,8.2075,6.998,A
5.0844,3.0785,6.9574,5.2119,7.5627,5.4195,A
4.6669,2.6437,6.9141,3.8855,7.4305,5.5929,A
2.8483,3.0474,4.6078,0.6084,5.6295,4.0533,A
4.9083,3.6516,4.7942,3.0031,4.6413,3.6856,A
5.7983,3.7462,6.3576,4.6017,6.7105,5.0091,A
6.7192,3.7179,6.6104,5.0166,7.6302,5.9913,A
5.7252,3.0335,6.7265,4.9055,7.0585,5.6509,A
5.9323,2.369,6.0612,3.8286,7.1163,4.3122,A
5.7496,0.77614,5.04,2.679,6.9426,4.8652,A
4.8891,1.6508,2.1207,0.56933,5.8005,0.02068,A
0.87063,1.8073,2.7456,1.8809,2.9539,0.21195,A
4.5982,2.4453,1.2023,1.2569,5.6473,2.9975,A
0.9772,1.3118,1.4014,1.7044,1.5155,0.91284,A
3.2747,1.2202,0.012337,0.63406,4.9699,0.25968,A
4.806,0.91721,2.9068,2.3331,5.53,1.8357,A
3.8435,1.7504,0.17734,3.4202,5.1803,0.12804,A
4.9905,0.57742,1.2378,2.8066,6.0078,1.6519,A
4.1112,0.61524,1.9549,0.22952,6.1877,1.7538,A
4.6157,1.9953,1.7672,2.0309,5.6262,3.5139,A
2.3229,3.283,3.0527,0.07699,4.8679,3.8914,A
5.3786,3.6788,5.4169,1.4582,5.9779,5.1042,A
3.961,3.6899,5.0252,2.0722,5.5979,3.7858,A
4.5027,3.0568,5.5815,1.4264,4.1828,3.627,A
3.672,2.8119,5.5262,2.7321,2.4748,5.0063,A
1.97,0.58128,4.5984,1.8782,1.399,0.19141,A
5.717,4.9482,5.7307,3.4234,6.8886,3.823,A
3.8209,3.1104,3.1746,1.2991,5.3999,1.5204,A
4.5981,3.9887,5.4339,1.4224,5.2053,3.845,A
4.8278,4.8864,6.028,3.6929,4.7946,4.8768,A
3.8042,5.1424,5.5755,3.0208,4.4065,2.99,A
2.5587,1.0697,3.9355,1.9618,5.5663,1.2711,A
0.441,4.4263,4.0528,2.4369,3.7568,3.1579,A
3.2609,3.8042,3.5241,0.11423,6.3992,4.4312,A
4.8359,2.5823,5.2403,1.3664,6.9372,3.8307,A
5.8498,2.4457,6.6484,1.8366,7.448,5.8385,A
3.4568,3.8877,6.0416,2.0371,3.9057,5.528,A
5.787,4.7363,7.1316,2.1358,6.9339,5.3807,A
4.8948,5.7218,6.4523,2.0353,2.2209,4.7349,A
1.9617,6.2961,5.8893,3.4653,5.6449,3.8144,A
4.8884,6.3531,0.4756,5.3226,7.4189,5.6889,A
1.8053,5.4048,3.7981,3.5962,5.8377,4.7544,A
6.0723,6.0318,6.581,4.57,8.0117,6.7506,A
5.9292,5.0467,6.9597,3.0903,7.3789,6.9155,A
5.4304,1.7185,6.8116,0.68472,6.2962,5.8996,A
3.2394,1.6992,1.9918,0.63776,4.4866,2.8034,B
3.9096,0.19623,1.6045,0.58856,2.9475,2.7012,B
1.9429,1.774,0.0071624,0.03194,3.7422,3.8446,B
0.066745,0.76467,0.18473,3.5391,4.2683,3.0824,B
2.2486,0.30359,2.5671,1.9772,2.4672,0.39406,B
2.0565,0.87894,2.4989,0.56474,2.4132,3.5186,B
3.5042,0.25368,1.3441,4.1995,6.4943,4.7572,B
3.3056,0.15577,0.9716,0.25233,4.993,4.395,B
0.51912,2.0494,4.158,2.1112,5.7156,3.2149,B
3.1978,1.2758,2.0041,3.4114,5.3625,3.5659,B
4.0451,1.0343,0.1838,2.2269,5.4996,3.4179,B
0.15626,2.6713,3.4659,1.8701,4.6611,5.5158,B
3.6713,2.1527,0.31062,3.0819,4.2786,1.1999,B
2.9989,1.124,2.8345,1.7408,1.3608,2.4085,B
1.2139,0.40817,0.33383,1.3208,1.3917,0.16347,B
1.4526,0.77255,3.0063,2.6961,2.3629,3.4209,B
3.1108,1.6019,2.2095,3.8239,3.59,4.2919,B
2.8302,0.016159,0.53727,2.9204,4.259,3.1088,B
0.72871,0.55905,2.5365,1.2098,2.6981,3.3993,B
1.8323,2.602,4.4019,3.2211,4.7029,2.447,B
3.0063,2.4111,2.3522,1.2614,4.64,2.7264,B
1.0791,0.28614,3.4893,1.9296,5.7891,1.7969,B
0.42311,0.70557,4.3135,0.0090267,3.6999,3.4846,B
2.1034,0.051741,4.4348,1.2681,2.3802,1.026,B
4.0727,2.031,2.7486,2.1887,4.7357,1.7634,B
4.8265,2.1231,2.9877,2.4046,5.1165,2.5737,B
2.0898,0.80495,4.1774,2.3783,3.3389,2.8502,B
4.3391,1.4495,4.5128,1.7794,4.4212,0.03017,B
1.723,2.3401,4.9623,2.1077,2.35,1.3974,B
2.283,0.90807,4.6281,0.98741,2.141,0.043424,B
4.181,2.4676,5.2983,2.6044,2.2981,4.6555,B
1.9962,1.8072,3.6457,0.078577,0.77908,4.278,B
4.5729,1.661,3.225,0.042732,0.25476,4.9125,B
4.2306,1.2101,3.0259,0.38133,2.4916,2.5885,B
2.7739,0.6779,4.1722,0.37974,1.6894,4.2688,B
0.11074,0.63978,3.2506,1.8653,2.9928,2.16,B
3.003,0.58464,2.5362,0.73479,2.9469,3.5859,B
0.32972,0.18605,2.5629,1.0148,0.27748,5.1217,B
3.0482,1.6202,0.80508,0.046561,0.80482,3.4494,B
3.5522,1.5369,0.057876,0.19766,2.6294,3.9441,B
1.1273,1.3794,4.2111,1.073,5.5868,3.2951,B
0.34696,2.1007,0.20048,1.2437,3.166,1.8108,B
3.3027,1.1502,3.8975,0.080501,5.6003,3.4183,B
3.0908,0.16415,1.0415,3.1956,4.9133,2.3402,B
3.0395,2.0981,1.3761,1.4709,3.8104,0.0097849,B
0.47823,2.3193,3.9648,0.40866,5.1537,1.3985,B
3.6199,2.1468,4.0493,2.7261,4.9028,4.4577,B
0.42494,2.5731,5.0159,0.71173,6.187,2.6641,B
2.3023,0.008667,5.208,2.7094,6.5518,3.0887,B
4.4293,0.87621,5.3042,3.3572,6.4971,1.8553,B
3.2363,0.1538,4.7718,2.7993,5.8363,3.416,B
5.124,2.533,1.8838,3.1946,5.6166,5.7804,B
4.8423,0.20777,2.8617,3.2758,4.3338,2.9413,B
4.6953,0.079597,0.10317,0.73222,3.0559,2.439,B
4.1431,1.7078,3.055,2.3397,3.0294,0.85249,B
2.0028,0.10962,4.6262,1.5298,4.7222,2.4061,B
3.4759,0.67759,0.023955,0.65091,5.2589,5.4382,B
1.5034,0.33229,3.5291,1.609,4.5019,2.8973,B
3.5257,1.5396,2.0627,0.51327,5.3209,4.737,B
3.8028,2.6103,0.05147,2.2611,4.2457,2.5325,B
0.88099,1.508,0.93151,2.5813,4.6737,0.016269,B
3.5993,0.22077,3.4427,2.3167,1.1669,3.2233,B
2.5151,2.3256,1.2156,0.76157,2.3096,1.1283,B
2.6179,0.69549,3.4506,0.99804,1.4544,3.2675,B
1.1582,0.57367,0.87037,0.6612,2.6431,3.2924,B
0.32463,0.36078,3.0023,3.2512,1.981,0.77863,B
3.1874,2.3403,3.5045,2.8672,5.6281,0.55533,B
2.5167,2.6501,3.36,3.0221,0.32866,0.56666,B
0.74949,2.1418,3.791,3.0467,3.3875,4.2537,B
0.61503,2.4163,0.73003,1.364,5.2062,2.9232,B
1.4762,2.1437,1.1998,1.0368,5.2229,4.0132,B
2.5283,1.7508,4.2546,2.4307,0.31079,3.947,B
2.7335,1.1097,0.33132,3.891,6.1243,2.3408,B
3.0114,0.81545,3.1881,2.4426,3.5505,3.5775,B
2.7279,1.5291,1.4619,1.5901,0.0018968,0.53613,B
1.1238,0.36622,3.2344,0.79895,0.044412,4.3738,B
5.1633,3.6476,5.5032,0.17873,6.9589,5.8965,B
2.2877,0.20459,2.8054,1.9126,5.7483,0.45678,B
3.7449,2.3848,1.8996,1.7669,7.6218,0.24418,B
5.1613,1.5491,0.89559,0.22755,7.9422,0.29135,B
4.5823,1.2013,3.8234,0.051596,8.4108,1.2941,B
0.0043905,4.2141,3.2946,2.1856,5.0221,0.86944,B
0.62469,2.3303,4.7298,3.5456,7.5527,1.1727,B
3.0916,4.0332,3.9886,2.7103,6.1988,0.11142,B
5.248,4.5515,3.1857,3.2622,1.3858,3.0383,B
5.132,4.519,2.4975,3.6354,6.3831,2.2459,B
4.5627,1.0034,0.54331,1.6308,8.1175,3.186,B
4.981,2.2264,3.4842,0.83184,8.6119,2.8861,B
4.5614,0.76505,4.7569,0.37721,9.1184,2.5625,B
3.9018,4.0728,5.0489,3.3732,9.5659,4.4391,B
3.5218,4.8361,5.9041,4.613,9.5965,1.8169,B
2.3602,2.0659,4.2801,2.6391,8.2692,0.056309,B
1.6583,4.9419,5.6044,4.9246,8.8572,4.539,B
2.7656,4.8931,4.3617,4.2303,7.6764,2.6445,B
3.0034,3.1327,3.8408,1.9033,3.8357,2.518,B
3.6694,2.02,1.4687,2.096,7.7187,2.6583,B
0.60561,3.2212,0.001229,3.9592,5.8587,4.5201,B
0.87401,3.8369,0.89272,3.0163,8.1195,5.4779,B
0.9458,3.348,0.85484,0.33692,7.6951,4.1087,B
1.5643,2.4178,0.24021,2.9661,6.9448,4.1876,B
0.46807,1.5108,0.98097,3.5533,5.2221,3.6942,B
3.4371,2.7614,3.9489,1.4973,7.5984,3.4645,B
2.7755,0.58106,5.7562,1.5227,7.3787,4.8583,B
3.5949,0.52467,4.9679,3.0139,8.1395,5.4045,B
4.4695,1.6179,5.2802,5.3184,7.9454,4.6095,B
4.7967,3.5572,6.0814,4.7666,7.973,0.08431,B
0.009985,0.94733,1.0861,3.2962,6.3672,2.1038,B
3.7447,1.7851,0.40743,4.7704,4.6692,5.6014,B
2.175,3.4146,3.5938,1.3929,8.4242,6.2104,B
4.4873,0.79436,4.7536,3.7693,9.1458,6.3517,B
5.6665,2.5738,6.832,3.2684,9.5904,5.1622,B
3.8988,1.4996,4.9078,3.3653,8.04,6.3786,B
5.2863,3.3464,6.5807,5.38,9.1362,5.2353,B
4.2594,3.8591,5.4195,4.1319,7.6781,4.86,B
1.4648,2.8399,4.662,3.3272,3.6604,1.7793,B
3.2047,0.044322,2.9695,2.304,6.8686,4.6942,B
5.2119,0.48369,7.362,4.6841,5.0551,5.9379,B
4.7169,1.546,3.2564,0.0032806,7.6412,6.5892,B
5.7633,2.1448,5.1129,3.9332,6.9565,6.6909,B
5.7919,1.8035,5.1822,4.3419,6.0516,6.0348,B
6.5442,0.10671,5.1224,4.1644,4.5394,5.5871,B
2.551,5.1357,5.0234,3.9184,0.39912,3.1796,B
6.3164,3.6494,4.0088,0.12688,4.8712,0.89955,B
5.0318,4.7769,3.9501,5.0438,0.89249,3.2618,B
0.92481,5.3205,2.9811,5.1301,2.9124,4.9484,B
5.5933,5.3006,0.051724,5.3579,4.5515,6.0306,B
4.7079,1.698,6.4615,2.6642,3.602,2.0913,B
7.0234,0.41931,2.0481,3.8501,6.2031,5.8756,B
7.2195,4.9246,5.4515,0.67959,4.2132,3.995,B
7.1666,6.0904,6.8519,3.1579,0.18004,2.9965,B
6.9629,6.4304,7.7709,2.428,3.1408,0.62026,B
6.7503,5.3572,3.1281,3.6343,5.198,3.748,B
5.7795,6.0949,7.3824,0.004457,4.1514,5.2626,B
5.1671,4.5684,5.6702,3.1846,2.8808,1.4101,B
0.15103,0.01166,2.7561,2.0733,3.1515,0.78151,B
4.9476,3.7963,6.7877,0.78583,3.7164,0.074307,B
6.354,4.6773,7.7306,6.2272,5.1242,2.4133,B
4.454,5.3225,6.3722,0.40874,2.9134,4.4667,B
4.9223,5.0324,3.3381,2.4681,0.74796,2.5417,B
1.8759,4.8165,3.3503,4.7976,2.6986,5.4531,B
3.3583,3.94,5.8974,5.3299,4.5117,5.5846,B
3.5598,1.7353,5.7218,4.7222,1.9364,2.5273,B
4.0813,3.5097,2.5518,4.4874,4.6514,4.8029,B
3.5527,2.0129,4.5962,0.041812,4.9371,4.5312,B
3.1128,2.5365,6.651,3.8659,4.8235,2.4748,B
3.042,3.8049,7.7072,4.8836,1.0482,5.3333,B
3.8173,3.8319,3.734,2.7542,4.1853,3.1303,B
3.7479,5.071,7.7592,5.8862,4.2953,6.3613,B
4.5496,5.0273,6.7405,5.6385,5.7607,6.8341,B
5.2598,4.78,4.2283,3.7201,6.4031,6.3692,B
5.7219,4.2458,5.3326,5.2755,6.1759,6.8429,B
4.6336,4.6768,6.1084,4.0964,4.5323,6.2688,B
5.5724,3.2369,7.8114,3.4348,5.7523,4.7795,B
5.2793,2.3799,7.8596,0.00095037,3.782,2.3815,B
4.1632,0.030552,7.6304,2.2965,1.8847,0.10538,B
1.8323,2.7498,6.6082,4.5245,3.7465,6.4288,B
4.6477,0.32248,5.8891,1.6548,4.0003,0.52093,B
4.6411,0.9652,4.6544,4.1311,4.5961,4.5553,B
5.3494,0.01363,4.0813,1.715,2.8932,3.7812,B
4.9259,2.2592,5.8515,0.053861,3.7657,1.8067,B
4.0675,3.7739,7.1813,3.5444,1.301,4.7789,B
4.3645,2.1969,5.7798,1.2231,6.4464,3.8636,B
4.2578,3.1967,6.2991,1.7714,0.43742,4.5457,B
2.8483,1.8759,2.8479,0.052172,4.7769,4.0917,B
1.4204,0.020049,7.0478,0.59979,4.6048,5.0933,B
3.6797,2.8251,8.1381,1.9455,1.3903,6.3895,B
3.2013,2.9372,5.5528,1.3961,7.2095,5.915,B
5.1162,4.3136,8.5209,2.8628,2.0685,4.17,B
4.9708,4.2337,7.8294,3.5785,5.9587,3.7466,B
4.8566,4.8497,5.7829,3.6324,5.2642,0.019777,B
4.5796,4.4422,4.2165,4.5231,3.3715,5.4894,B
1.3427,4.0042,1.9859,1.9571,4.0897,4.363,B
2.3921,4.3991,7.3899,3.8731,1.8702,5.2875,B
0.084416,3.0198,7.4149,3.753,2.4085,3.314,B
2.0832,0.084826,6.9565,1.4601,2.6099,3.0447,B
4.328,1.8269,5.7483,2.9403,0.031814,1.5461,B
3.2634,2.2981,7.4271,0.44493,5.9213,4.3875,B
3.4882,3.3461,3.5629,3.3661,3.8154,4.3748,B
3.9064,1.0168,4.2361,4.7179,5.1512,3.0831,B
1.7349,0.5158,1.9332,3.3627,5.2253,4.4137,B
0.044588,0.01251,4.1677,2.7945,5.2311,3.6901,B
1.8106,3.0774,6.0285,0.33111,4.8302,5.7531,B
2.7421,1.6564,5.342,3.1362,5.9472,4.6679,B
3.2574,4.3929,6.6974,1.6939,4.3386,3.5146,B
3.2534,4.3172,6.6806,1.2961,3.4845,3.7457,B
0.034905,3.555,5.6661,0.5106,4.254,0.87644,B
3.8715,3.198,4.2822,2.6866,5.1201,4.6675,B
0.94632,0.54538,1.7028,2.367,6.6437,5.3463,B
1.4096,3.3081,5.0567,1.1568,6.5576,4.9854,B
3.1039,4.3375,5.4142,4.1982,5.9078,6.265,B
2.1504,4.6738,6.4628,3.9457,5.9425,5.4854,B
4.1342,3.8649,6.9632,0.13137,6.2348,5.3364,B
0.85206,4.4509,7.2204,5.1073,4.4487,4.7843,B
2.0005,2.8004,6.9124,4.5304,3.3325,4.7365,B
3.5728,2.1471,7.3502,1.71,0.42279,2.3952,B
3.1299,1.191,5.3327,1.255,4.4522,2.1549,B
4.6103,4.6943,6.6828,4.2926,5.234,0.45044,B
3.4924,4.2225,4.7515,4.8973,3.0828,4.8424,B
3.8881,4.9703,6.0948,4.6199,4.4332,3.8277,B
4.5228,5.5767,6.9352,4.99,1.6411,2.1858,B
4.6022,5.8275,5.7468,4.4235,1.9345,2.6759,B
3.5038,3.6084,5.853,5.2818,4.3951,4.5238,B
3.6246,4.3889,3.805,4.0358,3.8166,4.2243,B
3.6501,2.8164,5.8541,0.81303,3.8732,5.1924,B
5.5776,4.7108,6.9473,4.3559,4.3621,3.5841,B
5.3027,6.1687,7.622,4.444,3.7977,0.41135,B
4.2006,4.8125,5.9361,2.5094,5.8705,1.8049,B
5.5136,6.2209,7.2354,5.2197,4.0824,0.050176,B
3.7464,5.853,4.898,5.0424,4.8443,5.021,B
0.059776,5.505,5.4412,5.2644,5.9784,0.92451,B
3.3591,3.8618,6.5733,3.7417,5.9356,1.021,B
3.6774,4.0905,5.0233,3.6365,3.0833,2.4597,B
1.0323,1.0079,7.4321,3.4175,5.3389,0.5421,B
0.32038,2.909,6.2165,2.5753,3.9954,2.6627,B
2.4079,3.4288,2.75,4.4077,1.6114,3.562,B
4.5622,3.2481,0.0064335,3.8851,4.3689,3.9674,B
3.8275,2.8158,7.3793,3.9325,5.2376,3.2827,B
2.1134,0.0011174,1.9083,4.0577,3.3805,0.077025,B
4.3588,2.0902,5.6264,2.7413,0.51648,3.7436,B
5.5169,3.4451,6.8294,0.024907,1.263,2.6587,B
6.283,4.3432,7.1344,2.6334,4.6329,2.7689,B
1.8479,0.48738,4.5926,0.47786,5.9733,0.31505,B
5.1838,3.9032,4.6507,1.033,4.1453,0.8604,B
2.1917,0.98522,5.2002,2.2713,5.408,3.1042,B
4.9659,2.6792,7.1505,1.6313,6.141,1.1595,B
6.122,4.6612,7.913,2.1552,6.9598,0.51399,B
5.3068,3.8464,6.4131,1.4912,0.35941,3.7431,B
6.7295,5.4578,7.7697,1.155,4.8999,0.11425,B
7.0398,5.1874,6.7534,3.2372,1.7946,3.031,B
6.1654,4.6088,5.6479,3.9024,5.166,0.34394,B
5.9745,3.574,4.2788,1.5136,6.69,3.9613,B
5.1028,3.3417,0.44904,2.1264,5.4145,0.28283,B
4.9459,2.0031,4.1122,0.017481,6.5554,4.6009,B
2.7265,3.3425,4.0114,1.2226,6.2007,2.6302,B
1.9337,3.2583,5.3857,0.52167,3.9291,2.7279,B
5.0404,4.057,6.0703,1.5836,2.6176,1.9955,B
4.0613,4.7987,7.0933,2.9192,5.1675,5.7123,B
4.7726,3.1143,2.8013,2.9603,4.6202,5.3197,B
2.4448,0.65214,6.7008,0.72739,5.5823,4.5046,B
3.9167,1.2464,8.103,1.0939,5.7847,3.2734,B
6.1973,3.8997,8.8649,0.83713,6.7401,3.4644,B
2.2976,0.26805,4.3794,1.9222,3.0147,5.3024,B
6.083,4.7452,8.1664,3.2271,6.2354,4.5418,B
5.2623,3.6831,5.7994,2.23,0.052656,4.5492,B
0.93565,0.90707,6.977,1.4105,5.8491,4.4356,B
5.2758,2.9028,8.9939,1.9224,7.2438,6.178,B
3.816,0.82073,6.3148,1.4727,5.8354,3.4497,B
6.8094,4.6502,9.6348,4.2447,7.9655,3.6543,B
6.9487,4.5014,9.4128,4.1477,7.0708,3.6954,B
6.9941,4.4659,8.9265,4.1402,6.2308,0.39873,B
6.6992,4.2941,8.0243,1.6338,5.3768,5.6487,B
5.6778,3.7023,7.8096,2.0091,2.8384,0.048873,B
5.4182,3.545,3.3641,0.13389,5.1207,5.5704,B
1.5324,3.5928,5.7486,2.6535,5.3206,4.7062,B
4.7529,0.95373,7.0813,2.753,5.4428,4.5652,B
5.2836,2.6027,7.7316,2.1681,6.2621,1.3865,B
1.6774,3.5169,7.5278,4.9555,5.9253,0.035503,B
5.3771,1.3892,7.3045,3.9694,5.7757,1.4467,B
3.7664,2.7673,7.0128,3.7497,5.6673,2.3786,B
0.33941,4.516,6.5499,4.2613,5.8618,0.10564,B
0.62721,5.4228,5.001,4.4266,6.7221,1.8202,B
1.7704,0.028525,4.6963,3.444,2.8827,3.699,B
2.6371,4.4128,5.6972,0.72645,6.2282,0.79671,B
2.0052,0.09965,4.168,2.4103,5.6741,4.3784,B
2.682,4.4941,2.4997,3.3979,4.3742,2.2685,B
2.6672,5.5088,0.29133,4.6664,4.5645,0.21455,B
4.7136,5.2107,5.4471,4.0986,0.63194,3.5694,B
2.461,6.2566,4.5816,4.899,6.2717,2.7472,B
3.4599,5.8889,5.082,5.0999,6.8859,2.661,B
3.3942,5.5064,5.6099,4.9209,7.2932,2.4977,B
0.73345,5.0441,6.6606,3.5893,7.7908,0.057867,B
0.3395,4.2628,4.265,2.4006,6.2345,3.0031,B
4.4464,1.0355,6.9066,0.00092943,7.6842,1.7105,B
4.7304,1.9615,6.2164,2.7812,7.1622,2.8863,B
3.0615,4.046,4.6545,4.1064,4.8883,2.1753,B
3.3422,4.8657,3.6136,3.7664,5.1818,4.2229,B
4.9952,4.6398,1.0507,3.8279,4.2561,4.0783,B
2.2727,4.2826,5.2396,4.0405,6.2556,1.8306,B
1.5679,3.6557,4.1922,4.2398,5.853,5.2949,B
4.9552,2.6183,4.3716,2.6238,3.2827,5.9517,B
4.1964,1.1504,1.0889,2.558,3.4653,4.1013,B
3.5574,0.96103,3.5251,0.028539,5.3196,2.3213,B
2.5892,2.0047,3.8023,2.3257,4.882,0.035496,B
0.019524,2.0459,0.0042451,2.1434,6.3631,4.6096,B
3.7799,0.14726,0.0073682,1.5372,5.9748,3.4981,B
3.705,2.0339,3.6564,0.10168,4.0248,4.8973,B
4.1509,2.0546,2.055,2.3158,5.1121,4.3776,B
4.0805,0.71462,4.8469,3.7067,3.7295,4.0498,B
5.176,0.34164,0.88637,2.2024,4.7885,3.7601,B
5.292,0.19824,2.2971,3.4231,4.6453,4.0023,B
4.5762,1.226,0.70351,3.3168,5.973,2.195,B
2.096,0.77498,4.6354,1.5916,6.4381,3.6054,B
4.5693,1.8358,1.1006,0.39034,5.8145,3.5072,B
2.7725,0.0031278,3.0463,1.5549,6.3742,5.2939,B
4.2554,2.0722,2.4449,0.40128,6.2807,3.67,B
4.0437,0.38889,0.75681,0.1216,1.1529,0.89573,B
5.18,4.6569,1.5611,3.1262,5.2482,2.0542,B
3.6309,3.4718,3.7307,2.442,4.4151,1.0213,B
3.3469,3.7444,3.1072,3.7736,4.9419,4.8674,B
3.9244,4.2745,5.0737,4.1537,5.3368,4.6747,B
3.6973,4.9481,5.4888,4.7622,4.4682,4.6792,B
2.0077,2.9016,3.6416,2.1369,2.3735,2.287,B
1.6392,3.8957,5.6954,3.4792,5.2481,3.1226,B
3.9997,0.92809,4.8574,0.059323,5.1854,2.1002,B
4.8211,3.6224,1.6744,3.4822,4.9752,2.9589,B
4.1125,4.9488,4.6494,4.8065,0.043368,5.0027,B
5.3184,3.8536,3.894,4.3748,4.1167,5.6902,B
3.7618,5.648,6.3871,5.2964,4.8102,5.2263,B
3.7709,5.2714,6.5011,5.1098,5.7691,4.4991,B
1.8342,4.961,6.4595,4.9393,5.2231,1.3152,B
3.2286,4.7225,5.8701,4.5703,5.4026,2.8233,B
2.4336,3.3868,5.3368,3.2966,5.1724,0.45651,B
0.72065,2.3215,4.7352,2.2011,5.5839,2.8644,B
2.186,1.2046,2.2401,1.8325,2.2371,4.4635,B
1.4809,1.5959,3.6021,3.2596,4.5527,2.4899,B
3.8089,3.9472,3.6293,4.5453,0.3264,2.9044,B
3.2866,4.6618,7.9271,4.0155,6.9339,6.2709,B
3.4474,4.152,5.9198,4.3099,6.2142,5.4833,B
0.0065833,5.0099,7.2744,4.7276,6.0663,6.1907,B
0.56005,4.6491,7.5137,3.6339,6.8444,6.0103,B
3.6194,4.1858,7.6238,4.2378,6.6762,5.7672,B
1.4621,1.9837,4.5807,1.3253,3.3521,3.2734,B
4.2459,2.7819,6.8343,3.4056,5.0399,3.6858,B
2.6516,3.3384,0.64678,2.5429,2.7114,0.046953,B
3.6487,4.7362,5.3599,2.7257,5.2354,5.3869,B
0.21518,4.9279,6.8413,3.8854,6.4443,5.8682,B
2.755,4.2599,6.9152,3.7126,7.1103,5.5819,B
3.9223,5.0088,7.9662,4.6156,7.6169,5.2169,B
4.1985,3.1489,8.1877,5.1255,7.5283,6.0017,B
5.2634,0.10846,8.4054,5.2331,7.3125,5.9123,B
5.5852,0.062768,8.4587,4.1573,6.7751,5.9081,B
2.5118,0.0059388,6.2116,1.9291,3.6978,4.241,B
4.6231,2.1754,6.9211,0.00072676,3.7706,5.5915,B
3.1734,0.18722,1.9675,1.74,4.4891,3.495,B
1.7548,0.017543,6.2859,3.1996,5.9629,4.277,B
4.2857,2.4941,7.7589,3.1979,6.0428,5.7704,B
4.5722,4.7938,6.4942,4.3053,6.9872,4.5021,B
3.8492,3.4448,7.6131,2.3272,6.424,5.5115,B
1.1099,4.0327,6.8382,3.8786,6.0093,5.2667,B
1.9158,3.6183,6.1169,2.2181,5.8274,3.3921,B
3.2763,3.1578,4.5429,0.25046,6.0532,2.6649,B
3.4699,2.1767,2.1811,1.5244,6.0079,5.2627,B
0.92539,0.69573,2.1097,2.4052,4.8731,2.2495,B
1.8464,2.6021,1.6956,3.094,2.6817,3.6318,B
2.9607,3.127,1.8141,1.7268,4.412,2.9795,B
4.5348,3.5788,1.0818,2.4295,5.8726,0.23544,B
3.5659,4.077,3.3053,3.7037,1.4091,5.3763,B
4.2494,3.3728,2.7484,0.42582,5.4123,2.0567,B
4.6628,3.4462,3.904,1.0031,5.3917,0.29502,B
3.7722,3.2768,4.6542,0.85237,5.494,4.4193,B
1.179,2.5383,5.9805,2.2733,5.0238,4.5846,B
2.5478,0.29153,5.9946,2.5991,5.2514,4.6154,B
3.3966,0.031148,5.8833,0.778,5.9415,5.0355,B
4.4359,2.489,6.0922,0.96867,4.3564,5.8596,B
4.4156,2.6317,5.422,1.3324,0.0024385,3.6015,B
3.8401,2.997,1.7815,0.017176,3.5946,3.0387,B
4.9038,2.1551,3.6632,4.7405,6.7923,5.7433,B
1.9585,2.486,0.054915,3.6364,6.2705,4.6661,B
3.9644,1.9263,4.1238,4.5299,6.1939,4.9607,B
5.3877,2.3624,3.8594,4.9066,6.3745,5.7684,B
5.2973,1.388,2.7696,5.1711,6.0703,5.5773,B
3.5888,1.6087,3.9889,0.0051691,3.0529,4.8925,B
5.3315,0.80022,4.7637,2.8611,5.6376,2.5578,B
4.7066,2.2776,5.4246,3.229,4.9598,5.7854,B
1.2651,3.3135,5.3338,5.1297,4.0367,6.97,B
2.243,3.628,4.9186,5.5819,0.040828,7.2359,B
5.2103,2.6594,0.34119,4.8426,5.5245,4.799,B
5.5811,2.5754,1.21,5.4651,6.0819,6.5205,B
6.4051,1.3543,5.5563,5.1528,7.0643,4.49,B
6.687,1.5726,5.6081,3.9283,7.9456,3.253,B
6.7988,3.3652,6.885,3.278,7.9843,6.4038,B
5.0138,4.0209,4.9457,1.1373,6.2217,0.90616,B
6.4226,3.649,6.5849,2.2485,7.6957,6.0809,B
4.8428,4.0535,5.0748,3.1993,6.0995,5.4641,B
2.2634,3.4974,4.3054,3.5075,4.2348,4.5947,B
4.5215,0.012887,4.6066,3.6599,6.4654,3.6431,B
2.9683,1.4335,3.0507,1.8956,6.7265,4.7127,B
5.6941,0.23477,5.4016,1.6365,7.5832,0.15751,B
5.2818,2.1751,4.9246,2.58,7.321,2.0025,B
4.2951,1.8334,4.5764,1.2249,7.0893,1.3188,B
4.3619,0.15805,2.4482,1.0246,6.7358,3.6188,B
0.95386,1.5616,1.2354,1.5773,2.2494,0.26348,B
3.4452,1.485,1.4231,0.016656,5.9726,4.9474,B
0.46452,1.08,0.008871,1.9675,3.0419,4.069,B
0.47649,2.2244,2.4119,1.3097,4.4824,0.40797,B
3.6831,1.2281,1.5927,2.2849,6.5279,0.60347,B
3.8379,1.1435,4.1433,3.8061,6.6084,2.3999,B
4.9036,0.42731,2.2668,0.54956,7.7747,3.7274,B
5.0075,0.051561,4.5774,0.77961,7.4935,4.378,B
5.337,2.5184,4.3727,0.060067,7.5669,2.9471,B
4.7989,2.0118,2.4085,0.089276,7.0337,5.0048,B
3.6684,2.0791,1.1236,2.96,5.4804,1.9905,B
2.7988,2.3392,3.1597,1.0938,3.7833,2.3997,B
0.16393,1.87,4.508,2.806,3.8155,1.5104,B
3.5346,0.84061,4.3575,2.2763,5.9259,2.2647,B
3.3573,4.2781,4.5821,3.9956,5.2966,3.0803,C
3.3277,1.4984,4.1819,2.4184,5.4422,4.6813,C
6.5663,4.2375,4.3166,3.1871,5.9138,2.856,C
2.4024,3.2178,2.3952,1.8905,3.4356,1.8298,C
2.6995,2.5426,5.1239,3.7815,3.3119,3.5004,C
4.3225,4.0859,5.6074,4.4646,5.4638,4.3563,C
3.2874,1.3463,3.9052,1.1137,4.7043,2.5031,C
3.9874,5.0057,5.667,5.1916,6.463,0.96021,C
1.9619,5.1785,5.1124,3.8598,5.9902,1.5649,C
2.3359,4.0084,3.6246,2.8685,5.2091,2.9219,C
2.0532,3.9995,0.67694,2.0864,3.4515,3.3165,C
0.14868,1.9932,2.9512,3.165,4.6339,3.1174,C
2.7528,2.4946,4.193,1.7256,0.082645,3.3755,C
1.0405,0.8872,4.5056,2.3648,2.5147,2.8811,C
0.45361,0.58803,4.0447,2.2886,2.7843,4.2443,C
0.1742,3.0259,3.4409,3.1143,2.0928,0.033542,C
4.3166,0.9618,4.4625,3.0801,4.0451,0.82909,C
3.302,3.0688,2.3013,3.0681,2.5236,3.6129,C
4.45,2.158,2.1768,3.7457,5.1494,4.0012,C
4.8413,1.9737,3.5843,2.6444,6.4377,3.3476,C
5.0097,0.40558,4.1825,0.36143,6.9543,3.3196,C
1.5225,2.3522,4.3404,2.2341,5.6114,3.2649,C
2.9042,0.31833,0.2754,1.7224,6.5518,1.694,C
2.018,0.42199,1.8431,3.8316,5.4657,0.84476,C
4.4883,0.5609,3.0631,4.203,4.4817,4.2603,C
4.7686,0.03323,4.519,1.2204,4.8623,3.7987,C
4.7518,1.524,4.9542,2.3057,7.218,2.9611,C
5.6649,2.7935,4.7946,1.3321,6.7261,0.99091,C
5.2617,0.29581,3.7966,0.0011846,7.4095,2.4609,C
5.0432,1.3997,5.7236,2.0149,8.1108,3.4461,C
5.0935,1.9762,3.6138,0.74722,8.212,2.8469,C
2.4304,0.0072782,4.1113,1.4182,5.5575,0.04677,C
1.6421,2.4921,2.2578,1.5248,7.9933,3.0627,C
1.1844,0.081334,1.5654,3.9195,7.1486,5.3325,C
3.8127,1.9106,4.7778,0.49949,3.7723,0.28738,C
4.813,1.5298,3.9324,0.083594,6.3331,2.982,C
4.6438,0.050329,6.5317,2.5592,6.597,2.7123,C
4.4657,1.4881,1.6921,0.058581,7.1329,4.9689,C
4.0251,1.8177,4.4704,3.5066,6.6345,5.8597,C
2.9708,2.1108,6.4994,2.8618,2.6857,2.5776,C
2.4281,3.4179,6.9614,1.0556,7.3652,2.251,C
3.7315,4.0712,3.1618,1.8873,5.29,0.36607,C
3.1679,4.1995,6.3504,0.52973,8.0305,1.285,C
3.3599,3.5155,4.6137,2.6565,7.329,2.6174,C
4.561,0.35455,3.7877,0.5044,4.9636,2.4679,C
4.5029,1.0473,6.5362,0.17339,7.4449,0.033027,C
0.34354,4.2382,4.6142,1.3727,5.5096,3.4491,C
0.36865,4.6046,7.1723,2.4394,8.858,3.2854,C
3.0324,5.05,6.9509,2.2148,8.5278,2.2563,C
5.7527,5.0045,7.3051,2.8573,8.1303,1.256,C
6.3155,4.6279,7.1063,1.6888,5.3796,3.3221,C
5.5865,4.3343,6.1619,3.0836,6.5401,5.0127,C
6.0804,4.0355,6.4254,0.64633,6.6709,0.036791,C
4.9084,1.6955,6.0929,1.6202,6.0323,4.4843,C
0.092038,1.5994,3.1285,1.7198,6.8425,4.534,C
3.7296,2.436,5.9544,1.8487,4.8759,0.20491,C
5.4445,0.77525,3.8511,0.53754,8.634,4.0796,C
3.9432,1.8606,5.4826,1.3447,1.7245,2.0034,C
0.87868,0.5891,4.9895,2.714,5.1946,1.475,C
3.5393,1.4864,0.79405,2.85,0.94374,3.492,C
3.2506,2.6217,5.4563,3.3417,5.1578,3.1326,C
5.4035,2.0819,2.3633,1.6226,4.4227,4.2077,C
0.58524,0.10178,3.9483,2.7877,6.1693,3.5044,C
3.0471,2.4832,1.6403,1.4836,5.9158,2.0468,C
4.8695,1.6857,2.8811,2.8522,6.0141,2.6355,C
4.7007,3.4429,5.2117,3.5507,3.2781,0.025287,C
0.91188,2.522,3.2035,3.6577,4.7858,0.51276,C
3.6986,3.7908,5.0423,3.6235,4.3085,3.699,C
2.7747,2.6038,5.0318,2.3558,3.8896,1.8324,C
1.1357,2.7176,5.4089,2.0218,6.3931,4.5761,C
2.4565,0.20632,4.8867,1.8261,6.8056,5.8919,C
0.54824,3.4959,3.3921,2.5895,5.5366,4.0672,C
1.8617,1.6373,5.4409,2.26,6.8488,2.1665,C
2.3261,0.062431,4.7743,0.94664,6.8995,0.036041,C
2.5213,1.2965,0.85185,0.40548,5.0882,3.2379,C
3.1866,1.2544,4.5609,2.2977,4.0053,5.354,C
5.7932,4.1801,3.6531,3.8438,8.3155,6.062,C
4.2018,0.7978,5.3834,3.1332,4.3125,3.496,C
5.5047,2.5066,5.0295,2.9859,6.5308,1.579,C
5.2738,0.31448,1.3615,0.14681,7.7166,3.32,C
5.4245,1.2622,2.9379,0.018306,8.1183,1.9141,C
3.9894,3.3262,4.5788,2.8114,5.5418,4.1551,C
3.8749,0.60805,3.7212,0.42393,7.1333,2.6159,C
1.9,2.5019,4.3978,3.8351,0.17871,1.3225,C
3.0032,0.0089477,5.5129,2.8794,6.2324,3.7061,C
5.1751,1.5367,6.3067,3.9715,7.5834,5.0655,C
5.0586,1.5262,4.1564,1.3806,8.2545,1.0412,C
5.5444,0.95624,4.7825,2.5885,8.8038,1.6542,C
5.9587,0.60606,2.1405,0.92989,8.9618,4.047,C
6.1104,1.0521,3.7488,3.0058,9.0887,1.4792,C
5.412,0.08239,6.1818,5.0042,8.7528,3.4607,C
2.9294,1.972,2.0821,0.67322,7.9631,2.0012,C
4.5626,0.57509,6.4533,4.9616,7.2151,3.7606,C
0.39166,0.25315,4.6076,4.7454,3.954,3.8593,C
2.7962,0.0065717,4.0378,3.2061,5.7152,1.5631,C
4.4497,1.4126,1.2612,2.2589,7.4814,3.4393,C
5.3583,1.4326,7.5028,3.0493,8.4453,2.8557,C
5.455,3.2281,5.7701,4.1329,7.5025,3.8036,C
5.2199,2.9366,6.2879,4.943,7.4504,3.5064,C
4.7108,2.5998,5.8895,4.6942,7.0675,2.3926,C
2.2088,2.3172,4.0505,4.381,5.7633,4.0992,C
3.6865,2.9664,5.8107,2.7271,7.3587,1.4928,C
3.9215,2.2049,3.8559,3.0089,3.9587,2.4535,C
5.2396,2.3029,6.1009,2.2431,6.6231,4.1328,C
4.7657,1.5828,6.1931,3.7313,7.0151,1.2857,C
4.6592,0.62315,5.4403,4.4806,7.5312,5.3555,C
4.2911,2.0163,5.5279,1.7142,5.3778,4.9113,C
1.641,3.146,5.1762,4.3103,6.3977,5.352,C
0.4293,4.1066,4.4352,4.4064,1.4843,3.6083,C
0.098343,4.0921,2.727,3.6413,3.7984,3.9334,C
3.6123,4.4023,1.3662,3.3237,6.2723,0.0019357,C
3.5965,3.7537,3.3455,3.873,5.2672,2.8161,C
4.2729,2.9359,4.2377,2.9138,6.7894,4.4345,C
3.9764,1.5205,4.521,1.2093,6.431,0.32915,C
4.3297,1.0811,4.9438,0.0060169,6.1478,2.3918,C
3.5782,2.1794,4.1967,2.9796,3.2859,1.3531,C
4.6448,0.6196,3.5196,2.422,6.6987,2.9348,C
1.3682,0.030191,0.43637,1.5692,5.4463,3.7675,C
3.7672,0.010471,2.0162,2.1694,7.312,3.6834,C
4.657,2.5765,3.6207,2.4824,7.8555,4.5527,C
5.268,2.805,4.2761,1.5652,7.822,0.89032,C
0.6395,3.7811,3.4844,2.9037,7.527,3.5678,C
5.1976,1.5402,4.2735,0.37955,7.4758,4.9241,C
3.1638,0.29425,3.8446,0.81943,6.9779,5.0439,C
1.6999,0.082168,0.83766,2.071,5.5279,5.1954,C
4.1761,1.2539,1.2039,2.9604,1.5579,3.9924,C
3.0635,4.0548,0.75944,2.5321,7.858,4.8785,C
5.633,3.1067,3.8842,1.6756,7.5295,5.8042,C
5.8368,3.0726,3.2412,3.0954,8.5879,3.4975,C
5.6517,3.3462,4.1196,3.0491,9.2088,4.8737,C
6.2533,3.8165,5.0538,2.3791,9.6895,4.4504,C
5.7095,2.9371,5.9509,3.4417,6.901,2.8409,C
5.8637,2.8774,5.6928,1.5164,9.3645,5.1082,C
5.1108,2.6344,5.8115,0.54501,8.3334,3.9644,C
2.7258,0.29378,5.3786,1.3192,3.9849,1.4234,C
4.4401,1.6412,3.1978,0.42865,7.7715,1.6107,C
1.3524,0.50317,4.5601,0.91331,1.3806,4.8348,C
4.5525,2.8531,1.6969,0.0072646,8.5865,4.1305,C
4.7849,3.1522,4.3527,1.7251,8.0128,3.7961,C
3.5959,2.6353,4.7151,3.0483,6.9655,4.3153,C
0.80621,2.1131,5.374,3.2382,4.5937,4.7218,C
0.29939,3.1595,6.1694,4.8144,3.5777,4.397,C
2.1479,0.086421,6.8014,4.4855,2.5872,4.5684,C
1.5934,1.3426,6.5487,2.9571,2.4908,1.1914,C
2.9534,0.78865,6.5338,3.0099,4.8577,4.4556,C
0.00077195,0.61067,5.565,1.3421,5.8212,5.3257,C
2.7119,1.5913,0.31111,3.8839,3.1977,5.3473,C
0.53431,2.5611,6.2472,4.1096,4.7104,0.53065,C
1.7923,3.5904,7.2164,4.4176,2.291,5.0042,C
3.4564,4.8307,8.0271,4.7964,0.12213,4.0924,C
0.0010139,4.1015,8.1255,4.3257,2.4501,1.8594,C
0.013178,2.9757,6.3707,2.9448,4.9606,4.1174,C
1.6467,2.6365,7.0832,4.5204,3.7297,2.4446,C
0.93974,0.20886,5.2872,1.4075,2.8919,2.952,C
2.8825,3.8236,4.0134,1.1444,0.30573,2.2521,C
0.85354,3.4431,5.7192,2.6366,3.9811,2.4568,C
2.1671,2.1562,7.8275,0.20428,2.5471,4.9239,C
0.87019,3.2947,6.8411,4.6015,2.5395,3.1624,C
3.1861,1.8677,7.2077,3.9462,1.2679,3.9769,C
2.0753,0.60471,7.605,3.7397,2.9179,3.9406,C
4.1436,0.3978,7.2942,4.2244,4.4063,3.5863,C
4.1184,1.2848,6.0586,1.2056,1.3074,4.9807,C
4.1569,2.4361,5.5704,1.5645,4.2388,4.2268,C
2.0041,0.41423,6.5626,1.6005,2.0587,0.70413,C
2.8293,2.2761,8.1073,3.1443,2.4517,0.56398,C
0.12254,3.1465,8.7872,5.1127,4.1174,4.7265,C
4.0258,2.0105,7.1346,3.6501,4.5503,4.7842,C
3.9687,0.13903,8.9256,4.9822,5.0809,3.2931,C
4.7209,1.9206,7.6194,4.2117,5.2492,3.9829,C
5.4311,1.8904,5.5317,3.4053,5.681,1.4682,C
5.7762,2.7728,6.8194,1.0217,4.6764,6.2028,C
3.162,3.609,0.88553,0.090145,1.9669,0.2671,C
5.2155,3.4907,8.4585,3.9564,3.4271,6.4806,C
3.4004,3.7393,8.212,4.0595,3.1662,5.7111,C
0.4317,3.58,7.7503,3.5574,4.6936,4.3899,C
3.7843,2.7184,6.3918,2.7354,4.3527,0.37298,C
5.8502,1.2473,7.8615,2.5153,2.9846,5.3425,C
5.6739,0.70561,4.0446,1.7964,5.5148,2.6831,C
6.08,2.6986,4.7248,2.8212,5.6684,4.8225,C
6.3359,2.0562,4.553,0.015629,4.0895,4.1258,C
6.1588,3.4694,4.9606,2.9617,5.7003,4.9183,C
0.016506,0.6279,4.9739,0.31848,5.0642,3.5897,C
4.9533,3.407,3.7087,1.6987,4.0907,6.1879,C
1.1223,0.15868,6.2972,1.7882,2.6454,3.8421,C
4.8723,1.6965,6.4812,0.31574,3.3453,1.9798,C
5.7055,3.3418,6.725,3.6782,3.8965,3.5969,C
5.6157,1.3298,7.0261,3.3225,3.5141,0.84547,C
6.7299,3.5731,6.2758,3.6279,6.059,5.8971,C
6.8162,4.0124,5.4307,3.9438,6.2594,5.904,C
6.749,4.1787,3.6502,4.2608,6.6235,5.7588,C
6.5723,3.7585,3.9124,3.0024,6.709,6.2254,C
5.0687,0.24135,5.7179,2.9284,6.0085,5.3443,C
5.2846,0.78317,7.061,1.4095,3.6889,5.6341,C
0.75005,1.9317,7.3784,3.0891,4.6296,1.9368,C
4.4129,4.0987,7.2305,3.7569,2.8833,0.34508,C
5.4546,3.5708,5.7604,4.4636,5.5619,2.0774,C
0.056278,3.1292,7.3347,3.0887,2.3702,1.4962,C
5.831,2.4904,1.8685,4.0893,3.1213,4.3539,C
3.7434,2.7562,4.3749,3.1523,5.7902,4.2656,C
2.7335,0.85252,4.8713,3.2166,3.645,3.4857,C
0.94474,0.77881,5.6179,2.973,3.9986,5.1974,C
0.015471,2.45,6.46,2.658,2.9786,3.5111,C
2.7699,2.6754,0.078441,2.3757,3.4301,5.2011,C
2.2411,3.4218,6.0702,2.3812,2.6652,2.3081,C
2.0174,3.604,7.0406,4.004,5.7984,2.3537,C
1.4238,3.0156,7.7381,4.5884,6.7119,2.399,C
0.30676,3.3163,3.2226,2.927,4.9356,5.381,C
0.29776,0.78339,7.5665,3.6424,5.881,5.2214,C
0.25365,0.22612,6.2236,2.8364,1.8249,6.3725,C
3.0116,0.47181,1.0431,0.71242,5.7471,6.1479,C
2.4974,2.657,6.9134,3.575,6.7689,6.756,C
0.10754,3.0995,3.4455,2.7826,1.2791,4.9175,C
3.2432,3.3852,8.2067,4.3263,6.601,5.8986,C
2.1781,3.6915,7.4239,4.1967,6.18,4.3697,C
0.31964,3.4238,6.6342,3.5748,4.3997,3.8647,C
0.93268,0.6024,3.9373,1.5075,3.2762,2.2959,C
4.7544,5.2147,5.7795,4.1256,5.686,6.6348,C
1.6304,3.5891,6.7657,1.8524,4.2685,5.5991,C
1.6839,4.4185,6.5634,3.3856,6.5887,6.2569,C
3.4907,4.7774,7.057,3.7918,6.7234,6.8838,C
2.7343,3.6973,7.3379,3.1777,6.1258,6.7233,C
5.1252,3.9301,6.6556,3.0275,3.418,2.1229,C
4.9982,0.68705,7.3312,1.6021,5.512,5.4657,C
5.6558,3.5752,7.0245,1.481,3.7006,0.19057,C
6.0119,5.06,5.4843,2.9966,5.809,5.2706,C
5.8272,5.0665,5.4786,3.1977,6.0928,6.5247,C
1.546,4.0149,7.3875,3.7984,6.0519,6.1031,C
2.7325,5.0604,8.3792,3.415,7.0327,7.3821,C
4.9774,3.7862,8.7538,3.9801,7.0062,6.9117,C
5.586,0.65534,8.9408,3.6018,6.3094,7.0555,C
6.0593,2.8961,8.6315,2.5056,6.0094,7.0336,C
4.3798,1.0791,7.8663,2.0315,5.8103,6.7963,C
6.1869,4.3762,7.3095,1.5896,0.94499,4.3681,C
5.1696,4.2836,5.3991,1.5871,5.1497,1.9342,C
3.7093,3.6219,5.3995,2.7406,5.3369,5.2499,C
2.6779,2.4339,7.1508,2.3051,5.8164,6.3637,C
5.0418,2.1762,3.8783,2.187,5.6047,5.802,C
3.4842,1.5195,6.2957,2.323,1.1242,5.5621,C
2.5371,2.5973,1.031,0.1849,4.9247,0.14412,C
3.9178,2.7397,6.5705,2.3066,6.6747,3.4438,C
5.4021,0.71879,7.6672,2.2313,7.3364,4.2774,C
3.2213,3.2214,4.4003,0.049394,5.1666,4.6496,C
5.1575,2.3391,7.2978,1.355,6.5901,4.8762,C
4.8019,3.8353,6.0156,1.087,5.6553,3.0703,C
2.9931,4.0813,2.7016,2.1957,4.0616,2.2604,C
0.051163,4.3064,4.9989,2.2385,6.166,1.4436,C
3.8008,2.5836,6.7049,3.2484,6.7385,4.8798,C
5.0064,3.822,7.6009,2.9244,7.7729,5.124,C
5.9336,2.8384,8.0994,3.2689,7.9825,5.3372,C
6.6147,0.29055,8.5056,1.8176,8.1996,5.446,C
7.0716,3.3719,8.9226,1.0913,8.267,6.5232,C
6.4452,3.8039,8.1114,2.2084,7.1998,5.2159,C
6.9138,4.7292,8.7339,2.7333,7.4859,4.7716,C
5.9395,5.2643,7.9947,0.072213,5.689,4.9537,C
4.6713,4.6583,6.1727,1.5035,5.0584,2.9801,C
4.3805,2.5895,6.5917,1.1802,7.007,5.685,C
5.5784,5.0167,6.503,3.6001,6.1435,5.6925,C
6.1171,3.0787,7.8619,2.0715,6.8221,6.2438,C
5.3306,5.0252,7.6021,2.2623,6.1874,5.9956,C
6.1241,5.3337,6.7365,3.9039,5.3588,2.2147,C
4.8298,4.6632,2.0184,3.9202,2.9237,4.5577,C
4.557,2.2722,2.742,0.52526,6.1372,1.3946,C
2.2227,2.8344,4.2334,2.9859,3.8754,6.2518,C
1.8883,1.4314,5.65,1.4864,1.6392,6.2134,C
5.5998,4.1951,6.1755,3.8148,5.8399,5.4415,C
6.4666,4.7549,6.7388,4.7044,6.3667,5.5313,C
2.8882,4.3768,2.4171,4.6063,5.1199,2.8087,C
6.726,5.379,6.1262,5.7409,6.0428,1.7588,C
5.3969,5.289,0.002822,5.0883,4.7655,5.545,C
3.4126,4.46,5.4183,3.5848,5.7414,6.4685,C
4.8595,3.7319,7.4073,0.84988,6.662,7.5321,C
3.1714,3.0874,3.1286,0.64518,4.2819,5.1591,C
6.6422,3.218,7.6417,4.7701,7.6784,7.5101,C
6.1498,4.318,6.7517,4.1752,6.913,6.3971,C
5.6101,4.0271,5.4479,3.9602,5.2979,4.9456,C
3.813,3.5833,3.8755,3.8016,0.44158,4.34,C
6.7779,5.1779,6.8126,4.0248,6.6121,1.0585,C
2.1973,4.0191,0.57659,2.9101,4.3948,5.2755,C
4.2131,2.9733,3.8572,3.5032,4.3943,6.0695,C
5.4053,3.9333,5.4503,2.4376,5.0244,5.0347,C
5.8935,5.0432,6.6118,1.1684,5.892,4.552,C
3.888,1.0717,3.998,1.2083,5.2397,5.3308,C
2.9192,4.1354,4.239,3.0687,3.0519,6.5492,C
4.4342,3.138,3.9678,3.163,5.8502,5.2538,C
5.9908,1.1006,5.6706,3.7156,6.5435,5.9927,C
6.6456,4.4275,6.763,3.7025,7.335,4.0689,C
5.8225,4.7303,6.9301,0.65818,6.4285,3.598,C
6.3525,5.5368,7.4119,0.28222,7.0725,5.9142,C
5.6173,5.5895,7.17,1.1077,5.6775,6.0549,C
4.9039,5.4502,6.7722,3.344,5.5372,7.1347,C
3.4383,5.4816,6.0815,4.2621,4.0921,7.1696,C
0.11698,2.0349,2.1541,0.71412,1.9703,6.1986,C
3.4463,4.5765,3.3279,3.947,6.2735,6.5801,C
5.0194,2.7218,5.9168,0.30514,6.0027,6.5494,C
5.1606,2.0844,6.2391,1.4798,6.7286,3.5169,C
5.2976,4.1987,6.4003,3.3994,4.5001,3.2579,C
4.5901,2.7217,6.9451,1.5707,6.3205,0.47122,C
3.8277,4.0848,6.0816,4.1903,0.85134,4.243,C
2.3098,2.9968,5.4549,3.1191,3.8819,5.4019,C
1.8511,1.9663,5.2199,3.3332,2.012,2.5913,C
0.021974,3.5113,2.3622,2.7902,5.5466,4.9343,C
2.3267,3.0347,2.1089,2.1259,3.8506,1.7885,C
0.97292,3.1077,3.5165,2.7636,0.33938,5.0327,C
1.6804,2.8375,2.185,1.0168,4.2492,0.33567,C
2.3325,2.1866,4.0946,0.48967,5.0349,4.0827,C
2.8481,2.803,1.054,1.2105,4.9429,6.4564,C
4.5033,3.1143,6.2057,3.6548,6.0723,0.12564,C
3.7955,3.4755,5.6506,3.8254,2.9537,6.516,C
2.6179,4.3686,6.0536,3.8425,5.4008,4.8212,C
4.67E-05,3.369,5.8066,4.0862,6.0776,0.5354,C
5.5328,3.7916,6.424,4.2898,6.1824,3.8954,C
6.9306,1.6772,2.0692,0.59216,3.0528,0.00051427,C
5.47,2.8125,1.4805,2.4461,4.9989,5.3648,C
2.0837,0.8501,4.1619,2.8256,2.1728,0.35913,C
4.0114,2.2816,5.9097,1.7167,5.5709,0.47481,C
4.3943,3.1378,6.1147,3.124,5.894,3.5637,C
6.3379,3.5418,3.8537,0.60925,2.7036,4.4558,C
4.4928,2.7049,4.6106,1.3122,4.9236,3.521,C
2.4854,2.8899,1.6202,1.9271,0.32919,1.2973,C
1.2372,0.94135,3.8893,2.5527,0.27866,3.2607,C
4.5463,2.6887,3.5653,1.8752,0.79278,1.1633,C
0.94845,0.19987,2.7477,1.9081,4.7348,2.7434,C
3.6334,2.1019,4.5179,2.242,3.4034,3.745,C
2.2057,2.2815,3.3141,2.2207,2.4825,4.2999,C
3.2909,0.92781,2.9992,1.2398,3.916,5.1462,C
3.9705,1.3024,2.253,2.2165,1.4551,2.0009,C
4.15,3.1255,3.3176,0.88202,3.3848,4.4991,C
4.882,3.7275,4.5469,2.7421,0.19205,0.75216,C
3.491,3.987,5.0389,1.5972,3.6368,3.2689,C
4.6319,4.0215,5.5923,1.3648,2.7657,3.1492,C
3.9532,3.3973,5.3332,0.6515,3.8514,4.5703,C
3.7528,1.3857,3.6415,0.01058,2.5644,2.7834,C
2.9233,2.5633,4.5126,1.9603,1.3268,0.38063,C
3.3323,3.161,0.1121,3.8033,0.006454,2.1528,C
1.066,3.8876,2.6851,3.208,4.1315,3.0309,C
0.13,2.9833,4.2942,2.3831,2.2335,4.4995,C
5.8101,3.8872,5.9866,2.0077,6.0312,6.3426,C
4.2032,3.0385,2.2451,0.054627,3.7973,4.7314,C
5.0282,2.9343,5.4021,2.9567,5.5936,6.3557,C
5.3741,2.9902,6.3256,3.1482,6.6516,6.8904,C
5.0312,3.2415,7.0096,2.9728,6.2733,7.3739,C
2.1198,0.32739,4.3058,0.29926,4.955,0.74224,C
3.0934,0.27338,5.5469,1.7207,4.9972,6.2801,C
2.368,2.5877,2.6487,1.8636,2.8402,2.8906,C
2.2982,3.7274,3.9432,0.68607,5.9743,5.9847,C
3.5032,3.8279,6.1503,0.88571,5.9128,7.2771,C
4.7996,2.0976,6.288,0.1893,6.1629,7.0411,C
5.0616,3.2829,7.1053,3.54E-05,6.63,7.5942,C
6.3451,0.95385,7.4107,3.3427,6.6147,7.8251,C
6.2898,0.55038,7.5363,4.171,6.6932,7.6719,C
6.5148,0.32531,7.2789,4.4308,6.8926,7.6938,C
2.838,2.2804,3.7181,3.4455,1.0786,6.1873,C
5.2754,0.040189,5.653,3.6753,5.268,6.9575,C
2.4626,1.9102,0.33617,1.7325,3.0631,4.0873,C
4.5339,1.8036,5.7735,2.6607,5.487,5.2793,C
5.5853,0.01342,6.6522,3.9001,5.9934,7.1732,C
0.19874,3.6227,4.1251,5.0957,2.434,3.7142,C
5.0647,1.2553,6.0338,4.4743,4.5913,7.0244,C
0.4425,2.5894,4.6836,3.965,4.8498,5.9942,C
3.3333,3.6359,4.2006,4.4285,5.9983,4.1387,C
4.7946,4.2088,6.3673,4.7631,6.4518,4.9949,C
5.6722,0.92293,6.5319,0.99486,7.2621,2.9125,C
5.9224,3.0194,6.8029,3.8292,6.857,6.1942,C
5.7434,2.0792,6.5158,0.78202,6.8134,4.7031,C
4.7534,4.7217,5.673,3.0303,5.0526,5.0545,C
0.082193,5.4091,2.5186,4.647,4.2358,4.3643,C
5.4026,3.3067,6.5371,4.1212,6.9668,4.8187,C
6.3582,5.6752,7.1849,5.4164,7.9439,6.8226,C
7.0347,4.9088,7.9304,4.9755,8.5579,6.7578,C
6.9018,1.9038,8.3086,4.9031,8.3545,6.8913,C
6.616,2.7364,8.3079,4.4928,7.8841,6.3749,C
6.0988,2.1778,7.4892,4.6117,7.8877,5.7528,C
5.2503,4.455,7.1854,3.741,4.5167,3.8534,C
2.9535,4.45,4.9955,1.4011,3.2152,3.162,C
1.0303,3.6778,4.054,0.039826,5.7546,4.0262,C
4.3763,3.1837,6.1858,3.4798,6.562,5.8909,C
5.0816,0.13632,5.8306,3.6567,6.5095,5.3313,C
4.7288,1.4065,6.2422,3.6716,5.867,4.9381,C
3.3165,0.18535,5.5575,2.4832,4.961,3.9209,C
2.921,0.00083717,2.7018,2.0212,3.715,1.6865,C
0.71549,1.1568,2.2892,1.5815,1.869,5.7726,C
0.50709,1.3579,3.8474,1.6258,4.6148,4.7412,C
1.4809,2.5963,1.4469,0.37317,1.9549,5.7353,C
2.1491,1.6608,0.34147,3.1524,0.45983,4.2674,C
0.2343,0.32933,3.8641,2.5352,1.1883,0.64501,C
0.34221,0.82193,0.69475,0.68642,2.4554,5.7489,C
1.8634,0.40589,1.3812,3.1919,5.0308,4.1165,C
2.2369,1.9392,0.51853,1.1945,2.9223,6.1956,C
0.099155,0.001866,2.4938,3.1224,2.8378,4.0119,C
0.7523,0.074448,0.293,2.0515,1.9256,4.1272,C
1.5928,2.398,3.2552,1.5835,0.17005,1.2434,C
3.118,0.30719,1.6668,2.6796,4.8769,4.0458,C
0.37287,1.1051,2.2028,1.3121,1.6049,4.188,C
1.508,1.5427,0.20674,1.3163,0.3447,2.2885,C
1.8771,0.15268,0.043231,0.055678,1.2424,3.5186,C
